star_id,n_global,radial_mean_n_local,absolute_global_local_difference,chi2_global,chi2_piecewise,piecewise_improves_fit
mesa_model_0001_profile_01,1.9228439547559029,2.0698927243136556,0.1470487695577527,72.67433662430103,0.22295455277416415,True
mesa_model_0050_profile_02,1.9220220535000756,1.9451492774050698,0.02312722390499422,57.50686791432558,0.14697795687983792,True
mesa_model_0100_profile_03,1.788969555792115,1.8042311520795722,0.015261596287457158,49.88965827370485,0.16342561494376207,True
mesa_model_0150_profile_04,1.6404761941519033,1.6093189016767577,0.031157292475145537,17.51278693849275,0.13966707815132595,True
mesa_model_0200_profile_05,1.6651467963161541,2.042850807073708,0.3777040107575538,16.434377629857046,0.057810605073838894,True
mesa_model_0244_profile_06,2.7640352167049898,2.621321798863489,0.1427134178415006,140.0663918718996,0.06559374025198042,True
mesa_model_0250_profile_07,2.775503598735271,2.638922841826895,0.13658075690837634,142.2493230221516,0.06327414853547927,True
mesa_model_0295_profile_08,3.084543245228681,2.5171866386965918,0.5673566065320892,203.41705635775375,0.03471362103726944,True
