star_id,n_global_observed,n_base,delta_n_observed,delta_n_theory,delta_global,status
mesa_model_0001_profile_01,1.9228439547559029,1.5,0.42284395475590286,22763.487362761603,-22763.06451880685,Normal
mesa_model_0050_profile_02,1.9220220535000756,1.5,0.4220220535000756,20604.94032050758,-20604.51829845408,Normal
mesa_model_0100_profile_03,1.788969555792115,1.5,0.28896955579211503,14697.15072046169,-14696.861750905899,Normal
mesa_model_0150_profile_04,1.6404761941519033,1.5,0.14047619415190327,917.1212140678114,-916.9807378736595,Normal
mesa_model_0200_profile_05,1.6651467963161541,1.5,0.16514679631615414,21.01752158880928,-20.852374792493126,Normal
mesa_model_0244_profile_06,2.7640352167049898,1.5,1.2640352167049898,0.7445401410699578,0.5194950756350319,Anomaly
mesa_model_0250_profile_07,2.775503598735271,1.5,1.2755035987352712,0.6912097651991816,0.5842938335360895,Anomaly
mesa_model_0295_profile_08,3.084543245228681,1.5,1.584543245228681,0.615612072765641,0.96893117246304,Anomaly
